Ano;MunicipioResidencia;NotaCh;NotaCn;NotaLc;NotaMt;UfResidencia;CoUfResidencia;Idade;NotaComp1;NotaComp2;NotaComp3;NotaComp4;NotaComp5;NotaRedacao;CorRaca;DependenciaAdmEsc;LocalizacaoEsc;StConclusao;StatusRedacao
2019;Itaipava do Grajaú;413;388.6;480.4;403.4;MA;21;16;100;120;120;120;0;460;1;2;1;2;1
2019;Barão de Grajaú;461.9;422.4;520.4;393.3;MA;21;17;100;120;120;120;120;580;1;2;1;2;1
2019;Queimada Nova;542.4;412.6;560.9;502.7;PI;22;17;120;120;120;120;120;600;1;2;1;2;1
2019;Tarrafas;424.1;410.8;475.3;487.5;CE;23;18;140;120;100;140;40;540;1;2;1;2;1
2019;Lagoa do Tocantins;411.9;439;456.9;439.6;TO;17;17;60;80;100;100;0;340;1;2;1;2;1
2019;São Domingos do Azeitão;422.7;419;362.6;399.9;MA;21;18;100;60;60;120;0;340;1;2;1;2;1
2019;Acauã;469.4;377.3;527.9;386.4;PI;22;18;120;120;100;120;40;500;1;2;1;2;1
2019;Alto Alegre do Maranhão;538.3;489.8;534.3;476;MA;21;18;120;120;120;120;100;580;1;2;1;2;1
2019;Brejo do Piauí;398.8;378.1;397.3;426.6;PI;22;20;80;40;40;40;0;200;1;2;1;2;1
2019;Várzea Grande;489.1;420.1;432.4;390.8;PI;22;19;120;120;100;120;80;540;1;2;1;2;1
2019;Aldeias Altas;341;419.8;361.8;402.2;MA;21;17;40;40;20;40;20;160;1;2;1;2;1
2019;Paragominas;500.6;377.8;532.8;425.1;PA;15;20;160;120;160;140;100;680;1;2;1;2;1
2019;Filadélfia;483.7;391.7;514;373.2;TO;17;17;120;120;120;120;0;480;1;2;1;2;1
2019;São Miguel do Guamá;449.7;493.7;464;398.8;PA;15;17;120;120;120;120;160;640;1;2;1;2;1
2019;Nazaré;457.1;376.4;461.6;378;TO;17;19;140;120;120;140;100;620;1;2;1;2;1
2019;João Costa;358.3;448.3;381.6;381.4;PI;22;21;0;0;0;0;0;0;1;2;1;2;3
2019;Itaporã do Tocantins;432.8;382.5;495.7;422.7;TO;17;17;120;180;140;120;160;720;1;2;1;2;1
2019;Santana do Araguaia;430.6;407.9;391.8;368.8;PA;15;18;80;60;60;140;20;360;1;2;1;2;1
2019;Luzilândia;461.8;406.5;499;515.3;PI;22;18;120;120;120;120;120;600;1;2;1;2;1
2019;Jaicós;431.6;340.7;444.3;476.3;PI;22;19;120;120;120;80;0;440;1;2;1;2;1
2019;Quixeré;372.7;480.8;532.3;485.9;CE;23;18;120;160;120;120;100;620;1;2;1;2;1
2019;Santa Helena;472.5;448.9;454.6;495;MA;21;19;120;120;120;120;100;580;1;2;1;2;1
2019;Acará;511.1;455.3;558.9;394.5;PA;15;17;160;120;160;140;140;720;1;2;1;2;1
2019;Raposa;567.5;508.2;579.7;460.9;MA;21;17;160;200;160;200;160;880;1;2;1;2;1
2019;Salitre;460.5;372.6;440.9;403.5;CE;23;18;120;120;100;120;0;460;1;2;1;2;1
2019;Parnaguá;411.1;395.1;427.3;451.1;PI;22;19;120;120;120;120;0;480;1;2;1;2;1
2019;Santa Luzia;463;403.6;512;494.9;MA;21;17;120;120;120;120;120;600;1;2;1;2;1
2019;São Benedito;445.3;445.7;518.3;485.7;CE;23;17;120;120;120;120;120;600;1;2;1;2;1
2019;Horizonte;446.6;442.8;521;415.9;CE;23;18;160;180;180;160;200;880;1;2;1;2;1
2019;Bacabeira;527.8;370.2;525.8;438.2;MA;21;17;140;120;140;120;160;680;1;2;1;2;1
2019;Jacundá;369.1;363.6;449.2;506.1;PA;15;17;80;120;120;100;100;520;1;2;1;2;1
2019;Tarrafas;371.9;384.9;433.9;402.8;CE;23;18;100;120;120;100;40;480;1;2;1;2;1
2019;Pindorama do Tocantins;535;518.7;540.9;555.6;TO;17;17;120;120;120;120;160;640;1;2;1;2;1
2019;Tarrafas;393.8;426.8;518.7;514.2;CE;23;18;120;80;100;120;0;420;1;2;1;2;1
2019;Redenção;528.2;473.6;469.8;550.3;PA;15;17;140;140;120;140;160;700;2;2;1;2;1
2019;Colinas do Tocantins;414.1;437.1;476;362.9;TO;17;17;120;120;120;140;0;500;2;2;1;2;1
2019;Couto Magalhães;457.7;463.4;517.9;419.2;TO;17;17;120;120;120;120;60;540;2;2;1;2;1
2019;Tarrafas;426.9;447.8;494.9;437.7;CE;23;17;100;120;120;120;0;460;3;2;1;2;1
2019;Pindaré-Mirim;487.2;363.3;428.9;425;MA;21;17;140;120;120;140;120;640;3;2;1;2;1
2019;Pedro II;382.3;444.4;516.7;367;PI;22;19;120;140;140;160;120;680;3;2;1;2;1
2019;Tutóia;524.8;390.7;505.1;505.1;MA;21;18;120;40;40;80;20;300;3;2;1;2;1
2019;Barreirinhas;383.9;362.4;480.9;379.9;MA;21;18;80;40;60;100;0;280;3;2;1;2;1
2019;Tabuleiro do Norte;448.3;373;354.9;420.9;CE;23;17;120;60;80;100;0;360;3;2;1;2;1
2019;Buriticupu;453.4;443.2;508.1;451.4;MA;21;17;100;120;100;120;120;560;3;2;1;2;1
2019;Timbiras;443.4;427.1;521.4;472.2;MA;21;16;100;120;80;120;80;500;3;2;1;2;1
2019;Vitória do Xingu;535.3;511.1;543;468.3;PA;15;17;120;120;120;120;100;580;3;2;1;2;1
2019;Salvador;499;472.5;481.2;441.3;BA;15;17;120;120;120;180;120;660;3;2;1;2;1
2019;Xinguara;559.7;545.7;577.1;474.6;PA;15;16;120;40;40;120;0;320;3;2;1;2;1
2019;Redenção;398.3;443;381.3;372.2;PA;15;20;40;40;0;20;0;100;3;2;1;2;1
2019;Pindaré-Mirim;442.3;425.8;472.4;428;MA;21;18;120;120;120;120;100;580;3;2;1;2;1
2019;Dianópolis;577.9;445.6;572.3;463.4;TO;17;17;140;120;100;160;80;600;3;2;1;2;1
2019;São Braz do Piauí;494.8;488.4;491.2;466;PI;22;18;120;120;160;160;160;720;3;2;1;2;1
2019;São Braz do Piauí;443.5;369.8;559.2;531.5;PI;22;18;160;200;160;160;120;800;3;2;1;2;1
2019;Estreito;557.4;456.9;566.1;586.1;MA;21;17;120;120;120;120;100;580;3;2;1;2;1
2019;Guimarães;526.4;526.8;526.1;548.6;MA;21;18;120;120;140;140;80;600;3;2;1;2;1
2019;Bom Jesus do Tocantins;574.9;532.1;563.1;623.6;PA;15;17;120;120;160;140;120;660;3;2;1;2;1
2019;Chorozinho;601.3;552.8;596.4;762;CE;23;17;160;160;160;140;160;780;3;2;1;2;1
2019;Monção;461.7;446.4;448.9;376.9;MA;21;17;120;120;120;120;100;580;3;2;1;2;1
2019;Pedro II;344.1;359.3;390.8;398.7;PI;22;29;60;80;60;80;0;280;3;2;1;2;1
2019;Óbidos;511.8;443.3;481;505.2;PA;15;18;120;120;120;100;80;540;3;2;1;2;1
2019;Tartarugalzinho;494;395.3;531.9;501;AP;16;16;120;120;120;120;0;480;3;2;1;2;1
2019;Parnarama;477.8;473.1;482.6;470.3;MA;21;19;120;120;120;120;60;540;3;2;1;2;1
2019;Araripe;457.5;463.2;496.8;487.2;CE;23;17;140;120;120;120;140;640;3;2;1;2;1
2019;Nova Olinda;473.5;493.6;554.7;482;TO;17;18;160;180;160;140;140;780;3;2;1;2;1
2019;Jaguaruana;574;552.9;591.4;589.6;CE;23;17;160;200;180;180;200;920;3;2;1;2;1
2019;Ribeira do Piauí;393;361.6;412.8;432.9;PI;22;21;20;40;20;0;0;80;3;2;1;2;1
2019;Cururupu;389.2;463.1;450.6;486.3;MA;21;17;120;120;120;120;100;580;3;2;1;2;1
2019;Óbidos;491.8;402;443.2;543.1;PA;15;18;100;140;140;120;140;640;3;2;1;2;1
2019;Icó;513.8;425.2;461;458.1;CE;23;18;120;80;60;100;0;360;3;2;1;2;1
2019;São Domingos do Maranhão;440.2;359.2;453.2;376.8;MA;21;17;140;120;120;120;0;500;3;2;1;2;1
2019;Eusébio;418.7;416.6;488.3;468.5;CE;23;18;100;120;120;80;80;500;2;2;1;2;1
2019;Beneditinos;373;456.1;462.8;418.5;PI;22;17;140;120;120;120;40;540;2;2;1;2;1
2019;Bernardo do Mearim;504.8;514.9;483.1;494.8;MA;21;18;120;120;100;120;0;460;2;2;1;2;1
2019;São João Batista;494.1;412;457.3;386.7;MA;21;18;120;120;120;120;60;540;2;2;1;2;1
2019;Bequimão;469;493.5;514.5;401.4;MA;21;18;120;40;40;100;20;320;2;2;1;2;1
2019;Itapiúna;540.9;451.7;517.4;462.5;CE;23;18;120;120;120;120;80;560;2;2;1;2;1
2019;Peixe-Boi;541.8;434.4;571;513.2;PA;15;17;120;120;120;140;120;620;2;2;1;2;1
2019;Santa Luzia do Pará;457;428;475.1;416.8;PA;15;17;120;120;140;180;120;680;2;2;1;2;1
2019;Barbalha;380.1;446.4;498.7;499.2;CE;23;18;100;60;60;100;0;320;2;2;1;2;1
2019;Pastos Bons;386.7;457.1;464.2;397.1;MA;21;17;0;0;0;0;0;0;2;2;1;2;3
2019;Vigia;460.6;443.7;484.5;517.3;PA;15;17;0;0;0;0;0;0;2;2;1;2;8
2019;Tomé-Açu;421.9;362;448.6;588.2;PA;15;21;60;100;80;60;0;300;2;2;1;2;1
2019;Bom Lugar;446.3;421.7;494;562.2;MA;21;17;80;80;80;80;0;320;2;2;1;2;1
2019;Medicilândia;495.5;449.3;436.7;360.4;PA;15;17;60;120;120;140;100;540;2;2;1;2;1
2019;Cachoeira do Arari;479.8;439.8;509.7;396.1;PA;15;18;140;140;140;160;160;740;2;2;1;2;1
2019;Santa Luzia;394;352.8;454.9;458.7;MA;21;17;120;120;120;120;0;480;2;2;1;2;1
2019;Bom Jesus;466.9;474.6;505.6;386.5;PI;22;17;120;140;120;120;140;640;2;2;1;2;1
2019;Pacajá;518.5;484.7;471.7;405.4;PA;15;18;80;80;40;80;0;280;2;2;1;2;1
2019;Icatu;383.8;372.7;362.9;450.2;MA;21;17;80;120;120;100;20;440;2;2;1;2;1
2019;Alto Longá;407;466.2;462.8;370.1;PI;22;17;120;100;120;120;80;540;2;2;1;2;1
2019;Conceição do Tocantins;433.4;447.6;467.1;521.6;TO;17;18;120;120;120;120;120;600;2;2;1;2;1
2019;Piracuruca;602.7;446.6;563.8;522.3;PI;22;17;140;120;140;160;160;720;2;2;1;2;1
2019;Aldeias Altas;322.7;401.3;383.9;393.1;MA;21;17;80;120;80;100;0;380;2;2;1;2;1
2019;Monte do Carmo;490.3;441.2;491.2;474;TO;17;19;120;180;120;140;100;660;2;2;1;2;1
2019;Jaguaruana;469.7;419.9;476.1;425.9;CE;23;17;100;100;100;120;140;560;2;2;1;2;1
2019;Bom Jardim;494.6;426;486;528.8;MA;21;18;120;120;120;120;140;620;2;2;1;2;1
2019;São João de Pirabas;483.1;483;334.7;443.7;PA;15;22;120;120;80;80;0;400;2;2;1;2;1
2019;Campinas do Piauí;538.5;459.6;367.8;537;PI;22;19;120;120;100;120;100;560;2;2;1;2;1
2019;Aldeias Altas;424;454.5;401.3;411.7;MA;21;22;120;80;120;120;0;440;2;2;1;2;1
2018;São Luís;615.8;521.6;579.9;498.4;MA;21;18;120;40;40;120;40;360;2;2;1;2;1
2018;Dianópolis;482;425.3;424.5;432.4;TO;17;18;120;40;40;120;40;360;3;2;1;2;1
2018;Grajaú;438.3;455.5;399.4;384.6;MA;21;17;100;40;40;80;20;280;3;2;1;2;1
2018;Aurora do Tocantins;504.7;484.7;437;431.1;TO;17;18;100;40;40;120;40;340;1;2;1;2;1
2018;Viana;609.4;466.7;508.1;540.4;MA;21;18;120;80;80;80;80;440;3;2;1;2;1
2018;Bom Jardim;489.8;471.6;437.2;426.9;MA;21;20;80;80;60;100;20;340;3;2;1;2;1
2018;Vargem Grande;478.7;438.5;422.5;420.2;MA;21;17;100;40;40;80;40;300;3;2;1;2;1
2018;Cabo Frio;428.8;416.2;442;445.3;RJ;21;19;60;80;60;60;40;300;3;2;1;2;1
2018;Axixá;427.6;385.4;467.2;439.5;MA;21;17;120;80;60;120;60;440;3;2;1;2;1
2018;Paraibano;484.2;505.5;465;506.7;MA;21;17;120;40;40;100;40;340;1;2;1;2;1
2018;Viana;516.7;545.2;554.4;516;MA;21;17;120;120;120;120;20;500;2;2;1;2;1
2018;Tutóia;439.7;438.7;477.5;465.9;MA;21;18;120;120;100;120;100;560;3;2;1;2;1
2018;Lago Verde;556.1;425.9;436.8;511.1;MA;21;17;120;40;40;120;40;360;0;2;1;2;1
2018;Tutóia;517.7;390.3;497.2;437.7;MA;21;18;100;120;120;120;80;540;3;2;1;2;1
2018;Colméia;554.9;471.9;512.6;561.7;TO;17;18;120;140;120;120;100;600;1;2;1;2;1
2018;Axixá;563.3;422;543.2;498.2;MA;21;17;120;120;80;80;80;480;3;2;1;2;1
2018;Itabaiana;463.1;558.5;412.5;473.9;SE;21;17;120;60;60;100;60;400;3;2;1;2;1
2018;Governador Nunes Freire;451.7;469.6;431.1;594.1;MA;21;19;120;40;40;100;40;340;1;2;1;2;1
2018;Nova Colinas;499.2;380.2;413.1;372.4;MA;21;18;120;40;40;120;40;360;1;2;1;2;1
2018;Joselândia;488.2;432.4;518.5;412.1;MA;21;17;100;120;80;120;80;500;3;2;1;2;1
2018;Vitorino Freire;465.5;418.3;514.5;425.1;MA;21;16;140;120;100;120;100;580;1;2;1;2;1
2018;Senador La Rocque;561.1;461.2;521.5;472.5;MA;21;18;140;40;40;140;40;400;3;2;1;2;1
2018;Itacajá;487.3;515.9;431.6;488.9;TO;17;17;100;40;40;100;40;320;2;2;1;2;1
2018;Guarabira;450.9;403.4;403.7;406.5;PB;17;19;80;40;40;80;20;260;3;2;1;2;1
2018;Humberto de Campos;623.2;470.3;522.9;445.9;MA;21;17;120;120;120;120;40;520;3;2;1;2;1
2018;São Luís;424;487;508.5;490;MA;21;17;120;120;100;140;120;600;1;2;1;2;1
2018;Caxias;634;460.3;525.9;452;MA;21;19;100;60;60;80;20;320;3;2;1;2;1
2018;São Luís;625.3;517.1;515.6;517.2;MA;21;19;60;120;80;80;20;360;3;2;1;2;1
2018;Aurora do Tocantins;559.4;492.3;402;390.1;TO;17;18;120;40;40;100;40;340;3;2;1;2;1
2018;Nova Olinda do Maranhão;628.2;575.5;548.1;527;MA;21;17;120;120;120;120;60;540;2;2;1;2;1
2018;São Domingos do Maranhão;611.4;598.9;548.8;474.3;MA;21;17;140;120;120;120;120;620;3;2;1;2;1
2018;Rosário;505.1;403.8;514.6;372.5;MA;21;17;0;0;0;0;0;0;1;2;1;2;6
2018;São Luís;597.7;378.2;476.7;504.6;MA;21;18;120;120;120;120;60;540;3;2;1;2;1
2018;Axixá;458.9;424.1;478.6;385.3;MA;21;17;120;120;120;100;60;520;3;2;1;2;1
2018;Santa Luzia;617.8;617.2;573.2;542.9;MA;21;17;120;160;140;120;80;620;2;2;1;2;1
2018;Lago Verde;490.6;517.9;397.7;472.1;MA;21;17;100;60;80;120;20;380;3;2;1;2;1
2018;Bom Jesus do Tocantins;489.6;412.5;489.2;437.7;TO;17;18;80;40;40;80;40;280;1;2;1;2;1
2018;São Luís;607.9;420.4;516.9;430.5;MA;21;18;120;180;120;120;120;660;3;2;1;2;1
2018;Ferreira Gomes;506.3;398.9;438;373.1;AP;16;17;120;120;100;120;40;500;3;2;1;2;1
2018;Xambioá;475.2;403.2;376.6;473.3;TO;17;19;120;120;120;120;120;600;2;2;1;2;1
2018;Alto Parnaíba;450.7;439.7;391.1;526.2;MA;21;18;0;0;0;0;0;0;3;2;1;2;6
2018;Codó;558.3;557.9;459.8;470.3;MA;21;27;60;100;100;100;80;440;2;2;1;2;1
2018;São Luís;509;497;507;528.9;MA;21;17;160;120;140;120;140;680;2;4;1;2;1
2018;São Luís;589.2;531.4;508.9;424.1;MA;21;17;160;160;140;160;100;720;3;4;1;2;1
2018;Jaguaré;470.5;477.5;496.9;465.6;ES;21;18;100;120;120;120;80;540;3;4;1;2;1
2018;Caxias;556.5;506.4;548.1;599;MA;21;18;120;120;120;120;100;580;3;2;1;2;1
2018;Araguaína;525.8;465;423.4;493.1;TO;17;17;120;100;100;100;80;500;3;2;1;2;1
2018;Lajeado Novo;672.7;541.5;552.1;611.2;MA;21;17;140;160;120;120;140;680;3;2;1;2;1
2018;Porto Nacional;535.9;394.2;496.9;466.8;TO;17;18;80;40;40;80;40;280;3;2;1;2;1
2018;Coroatá;489.6;403.9;403.4;443.3;MA;21;18;120;120;100;160;0;500;2;2;1;2;1
2018;São Bernardo;493.7;436.6;490.8;453.4;MA;21;17;120;40;40;120;40;360;3;2;1;2;1
2018;Amarante do Maranhão;473.5;417.9;398.9;378.2;MA;21;18;80;40;40;80;0;240;3;2;1;2;1
2018;Barreirinhas;452.9;406.4;409.5;399.1;MA;21;18;0;0;0;0;0;0;3;2;1;2;6
2018;Santana;421.1;431.4;450.5;465.4;AP;16;18;120;140;120;160;140;680;3;2;1;2;1
2018;Vitória do Jari;479.2;396.5;510.3;493.3;AP;16;18;140;120;100;120;80;560;3;2;1;2;1
2018;São Luís;584.7;384.2;420.6;397.2;MA;21;17;140;140;120;80;120;600;1;2;1;2;1
2018;Natal;526;376.9;466.4;486.4;RN;21;18;0;0;0;0;0;0;3;2;1;2;3
2018;Mirador;513.1;430.7;493.2;479;MA;21;17;100;100;100;100;80;480;2;2;1;2;1
2018;Matões;548.4;484.4;409.9;433.8;MA;21;23;120;80;80;100;20;400;1;2;1;2;1
2018;Amapá do Maranhão;540.2;407.4;556.8;529.2;MA;21;17;120;40;40;100;20;320;3;2;1;2;1
2018;Macapá;476.9;366.9;471.4;464.4;AP;16;17;100;40;40;100;40;320;3;2;1;2;1
2018;São Pedro dos Crentes;548.6;454.7;400.3;428.9;MA;21;19;100;120;100;120;60;500;3;2;1;2;1
2018;Bacuri;459.2;497.6;491.2;444;MA;21;20;0;0;0;0;0;0;3;2;1;2;3
2018;Santa Quitéria do Maranhão;536.9;449.3;484.2;493.2;MA;21;17;40;120;80;80;0;320;3;2;1;2;1
2018;Araguatins;531.7;427.4;378.2;428.1;TO;17;18;100;40;40;100;0;280;3;2;1;2;1
2018;São Bernardo;597.2;378.5;485.7;412.1;MA;21;18;120;40;40;120;40;360;3;2;1;2;1
2018;Urbano Santos;595.3;463.3;572.4;438.3;MA;21;17;100;120;120;120;120;580;3;2;1;2;1
2018;São Luís;660.1;588.5;609.8;698;MA;21;17;100;120;120;120;80;540;1;2;1;2;1
2018;Zé Doca;582.5;528.2;470.5;456;MA;21;18;60;40;40;100;40;280;3;2;1;2;1
2018;São Luís;621.9;583.1;467.9;455.7;MA;21;18;160;40;40;180;40;460;3;2;1;2;1
2018;São Luís;434.1;478.6;520.3;474;MA;21;18;120;160;140;180;160;760;1;2;1;2;1
2018;Pastos Bons;438.5;408;496.4;414.9;MA;21;17;100;120;80;120;100;520;3;2;1;2;1
2018;Dom Pedro;449.6;419.4;510.1;468;MA;21;18;80;80;80;80;80;400;3;2;1;2;1
2018;São Luís;415.5;408.1;428.2;391.2;MA;21;17;120;120;100;80;80;500;1;2;1;2;1
2018;Milagres do Maranhão;567.6;419.1;448.8;425.7;MA;21;18;120;120;120;120;40;520;1;2;1;2;1
2018;Macapá;521.9;467.8;424.7;446;AP;16;19;120;40;40;80;40;320;3;2;1;2;1
2018;Macapá;541.7;404.1;548.6;490.2;AP;16;17;140;40;40;100;20;340;3;2;1;2;1
2018;São Luís;626;484.3;470.9;520.1;MA;21;18;140;40;40;120;60;400;3;2;1;2;1
2018;São Luís;546.8;421.7;554.7;458.9;MA;21;17;140;100;100;160;60;560;3;2;1;2;1
2018;Mirador;484.1;445;510.7;452.3;MA;21;17;160;40;40;140;40;420;3;2;1;2;1
2018;Macapá;611.3;508.2;593.1;617.5;AP;16;18;160;160;160;120;160;760;1;4;1;2;1
2018;Nova Colinas;431.6;397.3;351.1;464.5;MA;21;22;120;40;40;100;20;320;3;2;1;2;1
2018;Codó;579.3;410.4;460.3;400.2;MA;21;19;100;80;60;100;40;380;2;2;2;2;1
2018;Alfenas;617.4;469.8;535.5;493.5;MG;21;18;80;40;40;80;20;260;1;1;1;2;1
2018;Pinheiro;441.5;416.7;440.6;511.6;MA;21;19;0;0;0;0;0;0;2;1;1;2;4
2018;Macapá;507.8;476.4;452.6;485.2;AP;16;18;120;120;120;120;100;580;3;2;1;2;1
2018;Santa Quitéria do Maranhão;507.6;400.4;437.2;387.7;MA;21;19;140;120;120;180;160;720;3;2;1;2;1
2018;Paraibano;577.9;480.2;416.8;526.9;MA;21;19;120;40;40;120;40;360;1;2;1;2;1
2018;Imperatriz;542.5;418.7;429.2;484.4;MA;21;18;120;120;120;100;80;540;2;2;1;2;1
2018;Presidente Dutra;544.5;468;442.5;648.9;MA;21;17;120;120;100;80;60;480;3;2;1;2;1
2018;Pedreiras;566.8;532.9;440.3;459.6;MA;21;35;80;120;100;100;80;480;2;2;2;2;1
2018;Itapecuru Mirim;417.8;455.3;397.1;459.5;MA;21;18;40;40;40;60;20;200;3;2;2;2;1
2018;São Raimundo das Mangabeiras;479.9;430.1;393;417.6;MA;21;19;0;0;0;0;0;0;3;2;1;2;3
2018;Paraibano;504.1;425;437.4;422.6;MA;21;19;120;120;120;100;60;520;3;2;1;2;1
2018;São João do Paraíso;529.8;410.8;550.4;440.7;MA;21;17;120;160;120;140;140;680;3;2;1;2;1
2018;Alto Parnaíba;500.3;519.7;502.4;438.7;MA;21;17;140;120;120;120;80;580;3;2;1;2;1
2018;Araguaína;622;488.2;573.4;585.3;TO;17;18;160;160;160;160;160;800;3;2;1;2;1
2018;Chapadinha;572.1;569.7;511.6;434.5;MA;21;18;120;40;40;120;40;360;3;2;1;2;1
2018;Paranã;502.7;543.9;495.5;422.8;TO;17;18;120;40;40;120;40;360;2;2;2;2;1
2017;Recife;467.6;433.8;473.4;364.3;PE;17;20;80;120;100;120;60;480;3;2;1;2;1
2017;Macapá;427.4;434.4;470.7;354.6;AP;16;18;80;100;80;60;20;340;3;2;1;2;1
2017;Arraias;462.8;414.8;531.3;427.9;TO;17;17;160;120;140;160;100;680;3;2;1;2;1
2017;Santana;491.3;526.5;500.9;559.3;AP;16;16;120;120;80;120;120;560;1;2;1;2;1
2017;Ferreira Gomes;513.2;469.1;499.3;495.2;AP;16;18;140;120;100;80;100;540;3;2;1;2;1
2017;Santana;537.3;500.9;512.7;421.8;AP;16;18;140;120;120;120;80;580;3;2;1;2;1
2017;Palmas;446.3;551.5;566.8;571;TO;17;18;120;120;120;120;160;640;4;2;1;2;1
2017;Arapiraca;483.6;468;406.7;481.9;AL;16;19;120;120;120;80;120;560;3;2;1;2;1
2017;Macapá;407.1;402.3;404.3;441.2;AP;16;20;100;120;80;80;20;400;2;2;1;2;1
2017;Brasília;592.4;537.1;566.3;486.7;DF;17;17;100;120;120;120;60;520;3;2;1;2;1
2017;Macapá;505.1;434.2;483.7;405.6;AP;16;17;100;120;100;100;60;480;3;2;1;2;1
2017;Macapá;647.1;595;512.8;555.2;AP;16;18;120;180;120;120;100;640;2;2;1;2;1
2017;Santana;564.2;412.1;472.4;560.3;AP;16;17;120;120;100;100;40;480;3;2;1;2;1
2017;Santana;574;495.2;532.5;532.9;AP;16;18;120;140;100;120;120;600;3;4;1;2;1
2017;Santa Fé do Araguaia;513.1;546.5;525.3;576.8;TO;17;17;120;40;40;120;60;380;3;2;1;2;1
2017;Natividade;369.3;503.8;510.1;363.2;TO;17;21;80;80;80;60;20;320;2;2;1;2;1
2017;Palmas;604.3;571.5;532.2;527.9;TO;17;17;120;140;140;120;100;620;3;2;1;2;1
2017;Santana;544.9;530.6;538.4;512;AP;16;16;140;120;140;160;120;680;3;2;1;2;1
2017;Araguaína;539.9;509.3;520.3;485.4;TO;17;18;120;160;140;140;80;640;3;2;1;2;1
2017;Araguaína;597;443.3;498.6;399.7;TO;17;15;180;120;160;200;140;800;3;2;1;2;1
2017;Palmas;598.1;406.1;570.2;547.7;TO;17;18;120;120;140;120;100;600;3;2;1;2;1
2017;Macapá;640.7;495.8;577.5;394.5;AP;16;17;140;120;100;140;100;600;1;4;1;2;1
2017;Paraíso do Tocantins;578.6;526.9;535.3;572.5;TO;17;17;140;120;120;140;80;600;2;2;1;2;1
2017;Macapá;560.2;449.9;528.5;671.2;AP;16;17;120;120;120;100;120;580;2;4;1;2;1
2017;Macapá;481;490.4;546.5;492.9;AP;16;17;120;120;120;120;100;580;3;1;1;2;1
2017;Vitória do Jari;573;462.8;515.2;480.4;AP;16;16;160;120;120;120;140;660;3;2;1;2;1
2017;Palmas;400;415.8;473;448.8;TO;17;18;80;80;80;80;40;360;3;2;1;2;1
2017;Santana;640.2;503.8;603.1;536.5;AP;16;17;140;120;120;120;80;580;1;2;1;2;1
2017;Palmas;650.9;603.6;588.6;837.8;TO;17;17;160;160;160;200;160;840;3;2;1;2;1
2017;Porto Nacional;645.6;646.6;578.3;603.9;TO;17;19;160;120;160;160;160;760;3;2;1;2;1
2017;Macapá;617.4;553.1;564.5;451.3;AP;16;18;100;180;120;120;140;660;1;2;1;2;1
2017;Santana;555.1;512.3;572.2;630.1;AP;16;18;140;140;140;140;160;720;1;2;1;2;1
2017;Colinas do Tocantins;527.9;495.5;534.9;428.7;TO;17;19;120;120;80;120;0;440;3;2;1;2;1
2017;Araguaína;475.8;527.5;503.1;458;TO;17;18;120;120;100;120;160;620;3;2;1;2;1
2017;São Bento do Tocantins;460.2;434.3;533.2;398.5;TO;17;18;120;120;100;120;80;540;1;2;1;2;1
2017;Xambioá;608.5;568.8;569.4;633.4;TO;17;17;120;120;120;120;100;580;1;2;1;2;1
2017;Mazagão;531.9;481.2;468.3;388.3;AP;16;17;160;160;180;160;140;800;1;2;1;2;1
2017;Ferreira Gomes;592.5;469.9;567.8;483.4;AP;16;17;120;160;120;100;80;580;1;2;1;2;1
2017;Macapá;541.5;569;563.3;564.4;AP;16;18;120;80;120;100;60;480;3;2;1;2;1
2017;Araguaína;618.1;547.2;591.2;454.5;TO;17;17;160;200;180;200;180;920;2;2;1;2;1
2017;Manaus;645.7;593.4;562.3;572.8;AM;16;17;160;120;140;140;120;680;3;2;1;2;1
2017;Conceição do Tocantins;584.5;436.6;576.7;612.1;TO;17;16;140;160;160;180;120;760;3;2;1;2;1
2017;Carmolândia;550.8;532.9;572.4;586.8;TO;17;17;160;120;120;140;40;580;3;2;1;2;1
2017;Palmas;532.5;539.5;474.7;584.6;TO;17;18;160;160;180;160;120;780;3;4;1;2;1
2017;Macapá;576.3;613.4;507.9;490.6;AP;16;17;160;160;120;120;120;680;3;2;1;2;1
2017;Porto Velho;566.8;473.7;505.9;499.9;RO;16;16;160;140;140;120;120;680;3;2;1;2;1
2017;Macapá;543.8;583.3;535.7;604.5;AP;16;18;120;120;120;120;80;560;3;1;1;2;1
2017;Tocantinópolis;371.9;404.2;386.7;480.1;TO;17;17;100;120;80;100;100;500;3;2;1;2;1
2017;Palmas;664.3;719.7;639.7;865.8;TO;17;17;160;120;140;180;180;780;3;4;1;2;1
2017;Palmas;560.8;615.4;482.9;458.3;TO;17;18;160;120;180;160;180;800;2;4;1;2;1
2017;Gurupi;604.6;594.9;550.9;640.3;TO;17;18;140;120;160;140;120;680;3;4;1;2;1
2017;Palmas;673.1;672.3;679.1;809.4;TO;17;17;160;180;160;180;160;840;1;4;1;2;1
2017;Vitória do Jari;522.3;416.9;496.2;519.9;AP;16;18;120;120;120;80;40;480;5;1;1;2;1
2017;Macapá;473.5;395;394.6;382.1;AP;16;18;120;120;120;120;60;540;3;2;1;2;1
2017;Oiapoque;566.9;473.8;335.7;407.7;AP;16;17;100;120;80;100;80;480;3;2;1;2;1
2017;Brejinho de Nazaré;428.5;505.2;418.1;489.8;TO;17;18;140;120;120;100;100;580;2;2;1;2;1
2017;Colméia;427.9;446.2;383.1;375.7;TO;17;17;120;100;100;100;80;500;3;2;1;2;1
2017;Macapá;568.2;409.7;530.4;387.6;AP;16;17;120;120;120;120;120;600;3;2;1;2;1
2017;Palmas;600.9;493.9;559.2;493.7;TO;17;17;140;80;80;80;0;380;3;2;1;2;1
2017;Palmas;564.7;498.6;463.9;508;TO;17;18;120;140;100;100;100;560;3;2;1;2;1
2017;Macapá;601;627.6;522;674.2;AP;16;17;140;180;140;140;180;780;3;2;1;2;1
2017;Palmas;519.9;535.1;513.3;488.5;TO;17;17;120;120;120;120;80;560;2;2;1;2;1
2017;Palmas;573.7;549.8;565.1;567.6;TO;17;17;160;120;160;160;180;780;1;2;1;2;1
2017;Macapá;642.6;631.3;632;658.4;AP;16;19;160;140;160;160;120;740;3;1;1;2;1
2017;Palmas;548.7;563.1;493.1;558.1;TO;17;17;140;120;80;100;60;500;3;2;1;2;1
2017;Palmas;496.4;450.9;522.2;577.5;TO;17;17;120;120;120;100;160;620;2;2;1;2;1
2017;Macapá;598.4;461;564.9;450;AP;16;17;120;120;120;120;140;620;3;2;1;2;1
2017;Palmas;408.9;459.2;496.9;435.9;TO;17;17;120;120;120;100;80;540;2;2;1;2;1
2017;Macapá;541.1;519;551.1;573.2;AP;16;18;140;120;120;100;120;600;3;2;1;2;1
2017;Macapá;408.7;493.3;351.3;456.6;AP;16;19;100;120;120;120;40;500;3;2;1;2;1
2017;Barrolândia;570.6;527.1;483.1;530.4;TO;17;17;120;120;120;120;0;480;3;2;1;2;1
2017;Macapá;547.3;477.8;486.6;399.5;AP;16;17;160;140;120;140;120;680;3;2;1;2;1
2017;Campinas;501.7;431.2;441.7;570.1;SP;16;19;120;100;100;120;40;480;1;2;1;2;1
2017;Araguaína;483.2;442.3;496.3;495.1;TO;17;17;140;120;140;120;120;640;2;2;1;2;1
2017;Rio Sono;529.3;477.6;527.4;499.8;TO;17;17;140;140;120;100;80;580;4;2;1;2;1
2017;Araguaína;534;469.6;446.7;475.6;TO;17;18;100;120;100;80;100;500;1;4;1;2;1
2017;Gurupi;676.1;602;610.5;599.3;TO;17;18;160;180;200;200;200;940;1;2;1;2;1
2017;Gurupi;623.2;607.3;563.1;754.7;TO;17;17;160;160;160;160;120;760;3;1;1;2;1
2017;Tocantinópolis;493.4;480;488;472.2;TO;17;17;100;120;140;120;80;560;3;2;1;2;1
2017;Angico;549.2;504.1;540.9;442.6;TO;17;16;120;160;140;140;80;640;3;2;1;2;1
2017;Parauapebas;567.7;495.9;440;552;PA;15;22;0;0;0;0;0;0;3;2;1;2;6
2017;Palmas;569.4;416.2;532.5;455.1;TO;17;18;160;160;140;160;160;780;3;2;1;2;1
2017;Porto Grande;405.3;553.4;529.5;430.8;AP;16;18;0;0;0;0;0;0;3;2;1;2;6
2017;Conceição do Tocantins;409.9;426.7;483.3;431.9;TO;17;17;100;120;120;80;40;460;2;2;1;2;1
2017;Brejinho de Nazaré;431;409.9;410.1;398.1;TO;17;17;120;120;120;120;120;600;1;2;1;2;1
2017;Brejinho de Nazaré;478.3;429.9;395.6;366;TO;17;18;80;120;80;100;40;420;3;2;1;2;1
2017;Palmas;552.8;468.6;551.7;566.6;TO;17;17;120;120;120;120;120;600;2;2;1;2;1
2017;Pequizeiro;452.8;448.8;356.3;445.3;TO;17;18;0;0;0;0;0;0;3;2;1;2;6
2017;Araguaína;337.4;449.6;429.3;443;TO;17;18;100;120;120;120;100;560;2;2;1;2;1
2017;Macapá;342.8;495.3;451.9;372.6;AP;16;18;100;120;120;80;40;460;4;2;1;2;1
2017;Araguaína;661.2;670;580;764.4;TO;17;15;160;180;160;180;160;840;3;2;1;2;1
2017;Palmas;596.5;593.8;573.1;429.4;TO;17;18;120;120;120;120;100;580;3;2;1;2;1
2017;Palmas;540.9;443.8;469.4;494.6;TO;17;17;120;180;120;140;120;680;3;2;1;2;1
2017;Dueré;449.2;394.7;439.8;515.9;TO;17;17;0;0;0;0;0;0;3;2;1;2;6
2017;Palmas;542.7;499.7;504.4;432;TO;17;20;80;100;80;80;100;440;2;2;1;2;1
2017;Macapá;397.1;423.1;434.2;362;AP;16;19;120;100;100;100;100;520;2;2;1;2;1
2017;Macapá;552.7;600.8;545.1;612.1;AP;16;17;120;120;100;100;80;520;3;2;1;2;1
2017;Praia Norte;481.5;394.4;434.3;517.3;TO;17;18;100;120;120;100;100;540;3;2;1;2;1
2017;Ananás;453.7;510.8;388.6;378.3;TO;17;17;80;120;80;80;20;380;3;2;2;2;1
2017;Macapá;516.8;606.1;559;384.6;AP;16;18;160;160;160;160;120;760;3;4;1;2;1
2017;Araguaína;551.6;485.5;541.2;394.6;TO;17;18;120;120;100;120;60;520;1;2;1;2;1
2017;Guaraí;597.3;562.9;527.3;436;TO;17;18;140;160;140;120;100;660;3;2;1;2;1
2017;Paraíso do Tocantins;530.2;489.1;505.2;457.7;TO;17;17;140;120;120;120;100;600;3;2;1;2;1
2017;Macapá;631.7;509.5;567.8;567.5;AP;16;17;160;140;160;160;140;760;3;4;1;2;1
2017;Laranjal do Jari;494.9;384.3;424.7;440.8;AP;16;17;100;80;80;80;20;360;4;1;1;2;1
2017;Palmas;524.8;467.8;497;640.6;TO;17;17;140;200;180;180;180;880;1;2;1;2;1
2017;Gurupi;589.1;544.9;578.9;589.6;TO;17;17;140;140;120;120;120;640;3;1;1;2;1
2017;Lizarda;369.7;485.8;459.1;498.5;TO;17;18;120;120;120;120;40;520;3;2;1;2;1
2017;Araguacema;443.3;399.4;441.5;457.2;TO;17;17;120;120;140;140;100;620;3;2;1;2;1
2017;Pequizeiro;438.2;530.3;504.7;381;TO;17;19;120;120;100;100;60;500;3;2;1;2;1
2017;Palmas;530.2;481.8;529.6;607.3;TO;17;19;80;120;120;120;80;520;1;2;1;2;1
2017;Paraíso do Tocantins;415.1;397.3;478;405.7;TO;17;17;80;100;60;80;40;360;3;2;1;2;1
2017;Ferreira Gomes;552.8;496.9;522.9;453.4;AP;16;17;140;160;120;120;60;600;5;2;1;2;1
2017;Santana;537.8;575.1;542.8;479.8;AP;16;17;120;120;140;120;20;520;3;2;1;2;1
2017;Macapá;557.4;516.9;486.2;498.8;AP;16;17;140;40;60;100;40;380;1;2;1;2;1
2017;Araguaína;629.4;611.6;615.2;673.7;TO;17;18;160;160;120;120;160;720;3;1;1;2;1
2017;Nova Rosalândia;436.3;487;468.4;556.8;TO;17;16;120;120;120;140;40;540;3;2;1;2;1
2017;Paraíso do Tocantins;379.3;530.9;394.3;419.4;TO;17;17;120;120;120;80;80;520;3;2;1;2;1
2017;Macapá;609.9;625.9;641.1;576.3;AP;16;17;160;160;160;200;140;820;2;4;1;2;1
2017;Babaçulândia;464.9;424.5;474;376;TO;17;17;120;160;140;160;100;680;1;2;1;2;1
2017;Babaçulândia;491.5;503.3;499.8;584.6;TO;17;18;120;120;120;120;160;640;3;2;1;2;1
2017;Araguaína;554.4;597.3;504.8;544.4;TO;17;18;120;120;120;120;80;560;3;4;1;2;1
2017;Macapá;445.4;404;462.8;553.4;AP;16;18;100;100;120;120;0;440;3;2;1;2;1
2017;Macapá;517.5;607.6;600.7;726;AP;16;18;160;200;180;200;140;880;3;1;1;2;1
